Building_Use_Type,Building_Use_Subtype,Continent,Country,Gross_Floor_Area_m2,Total_Users,Floors_Above_Ground,Floors_Below_Ground,Structure_Type,Total_Embodied_Carbon_PER_m2
0,6,1,7,17500.5,317.716271289142,7.181117098760179,0.4954525026304752,7,521.0
0,6,1,7,17500.5,317.716271289142,7.181117098760179,0.4954525026304752,7,414.49999999999994
0,6,1,7,9819.0,203.40675415822776,5.266764626202487,0.3822194107742967,7,430.99999999999994
0,6,1,7,19518.0,347.7389818029245,7.683910317973243,0.5251924964884249,7,422.99999999999994
1,4,1,7,12500.5,243.31054510876427,5.935037249409341,0.42174743730717995,7,355.99999999999994
1,4,1,7,12500.5,243.31054510876427,5.935037249409341,0.42174743730717995,7,376.50000000000006
1,4,1,7,12500.5,243.31054510876427,5.935037249409341,0.42174743730717995,7,404.5
1,4,1,7,12500.5,243.31054510876427,5.935037249409341,0.42174743730717995,7,408.0
1,4,1,7,2500.5,94.49909274800876,3.4428775507076645,0.2743373066605893,7,401.99999999999994
1,4,1,7,2500.5,94.49909274800876,3.4428775507076645,0.2743373066605893,7,480.0
1,4,1,7,2500.5,94.49909274800876,3.4428775507076645,0.2743373066605893,7,255.49999999999997
1,4,1,7,7500.5,168.9048189283865,4.688957400058502,0.34804237198388466,7,453.5
1,4,1,7,20174.0,357.50101307779005,7.847395994208073,0.5348626010588413,7,391.5
1,4,1,7,2592.0,95.86071753710968,3.4656808119507847,0.2756861093560056,7,479.0
1,4,1,7,2592.0,95.86071753710968,3.4656808119507847,0.2756861093560056,7,459.0
1,11,1,7,146.0,59.46143628966885,2.8560985496483546,0.23962959139984957,7,403.5
1,11,1,7,136.0,59.31262483730811,2.853606389949653,0.239482181269203,7,431.49999999999994
1,11,1,7,163.0,59.71441575868215,2.8603352211361472,0.2398801886219488,7,414.49999999999994
1,11,1,7,141.0,59.38703056348848,2.8548524697990034,0.2395558863345263,7,452.99999999999994
1,11,1,7,2500.5,94.49909274800876,3.4428775507076645,0.2743373066605893,7,293.0
1,11,1,7,2500.5,94.49909274800876,3.4428775507076645,0.2743373066605893,7,535.5
1,11,1,7,181.0,59.982276372931494,2.86482110859381,0.2401455268571126,7,342.0
1,11,1,7,118.0,59.044764223058735,2.8491205024919894,0.23921684303403912,7,521.5
1,11,1,7,2500.5,94.49909274800876,3.4428775507076645,0.2743373066605893,7,434.0
1,11,1,7,2500.5,94.49909274800876,3.4428775507076645,0.2743373066605893,7,524.5
1,11,1,7,148.0,59.491198580141,2.856596981588095,0.2396590734259789,7,412.0
0,5,1,7,7500.5,168.9048189283865,4.688957400058502,0.34804237198388466,7,387.0
0,5,1,7,42500.5,689.7449021910306,13.41151634551437,0.8639778292469517,7,349.5
0,5,1,7,7500.5,168.9048189283865,4.688957400058502,0.34804237198388466,7,428.5
0,5,1,7,7500.5,168.9048189283865,4.688957400058502,0.34804237198388466,7,417.0
0,5,1,7,2500.5,94.49909274800876,3.4428775507076645,0.2743373066605893,7,451.49999999999994
0,5,1,7,17500.5,317.716271289142,7.181117098760179,0.4954525026304752,7,326.0
0,5,1,7,2500.5,94.49909274800876,3.4428775507076645,0.2743373066605893,7,516.5
0,5,1,7,2500.5,94.49909274800876,3.4428775507076645,0.2743373066605893,7,553.5
0,5,1,7,12500.5,243.31054510876427,5.935037249409341,0.42174743730717995,7,383.0
0,5,1,7,7500.5,168.9048189283865,4.688957400058502,0.34804237198388466,7,486.49999999999994
0,5,1,7,27500.5,466.52772364989755,9.673276797461856,0.6428626332770659,7,265.5
0,5,1,7,7500.5,168.9048189283865,4.688957400058502,0.34804237198388466,7,362.5
0,5,1,7,12500.5,243.31054510876427,5.935037249409341,0.42174743730717995,7,323.50000000000006
0,5,1,7,7500.5,168.9048189283865,4.688957400058502,0.34804237198388466,7,421.5
0,5,1,7,7500.5,168.9048189283865,4.688957400058502,0.34804237198388466,7,393.49999999999994
0,5,1,7,12944.0,249.91033302096375,6.04556453204676,0.4282850766013562,7,358.0
0,5,1,7,2500.5,94.49909274800876,3.4428775507076645,0.2743373066605893,7,449.0
0,5,1,7,2500.5,94.49909274800876,3.4428775507076645,0.2743373066605893,7,468.0
0,5,1,7,7500.5,168.9048189283865,4.688957400058502,0.34804237198388466,7,428.49999999999994
0,5,1,7,12500.5,243.31054510876427,5.935037249409341,0.42174743730717995,7,412.0
0,5,1,7,17500.5,317.716271289142,7.181117098760179,0.4954525026304752,7,406.49999999999994
0,5,1,7,7500.5,168.9048189283865,4.688957400058502,0.34804237198388466,7,337.5
1,8,1,7,2500.5,94.49909274800876,3.4428775507076645,0.2743373066605893,7,378.0
1,8,1,7,2500.5,94.49909274800876,3.4428775507076645,0.2743373066605893,7,464.00000000000006
1,8,1,7,2500.5,94.49909274800876,3.4428775507076645,0.2743373066605893,7,416.0
1,8,1,7,2500.5,94.49909274800876,3.4428775507076645,0.2743373066605893,7,607.0
1,8,1,7,2500.5,94.49909274800876,3.4428775507076645,0.2743373066605893,7,602.5
1,8,1,7,2500.5,94.49909274800876,3.4428775507076645,0.2743373066605893,7,295.5
1,8,1,7,2500.5,94.49909274800876,3.4428775507076645,0.2743373066605893,7,334.0
1,8,1,7,3858.0,114.70024740598132,3.781188229806417,0.294348231895864,7,433.0
1,8,1,7,4190.0,119.64078762435838,3.863927931803312,0.2992422482333308,7,363.5
1,8,1,7,2683.0,97.21490175359253,3.48835946520897,0.2770275415448896,7,332.0
1,8,1,7,2457.0,93.85176293023946,3.432036656018312,0.2736960725922767,7,440.00000000000006
1,8,1,7,2500.5,94.49909274800876,3.4428775507076645,0.2743373066605893,7,467.0
1,4,1,7,12520.0,306.0077597404471,6.0,1.0,5,583.1999999999999
0,5,1,7,5083.0,240.45546266468912,5.0,1.0,5,580.0
0,5,1,7,25067.0,349.91740288937365,6.0,1.0,5,702.4000000000001
1,4,1,7,3700.0,275.1411738973345,6.0,1.0,5,598.4000000000001
1,4,1,7,4246.0,316.5776384283206,7.0,1.0,5,489.5999999999999
1,4,1,7,2851.0,99.71493415325321,3.5302277481471576,0.27950403173975236,5,305.1707086788415
0,5,1,7,12856.0,450.5761613789416,7.0,2.0,5,936.5
0,1,1,7,7867.0,210.67270911528638,4.0,1.0,5,601.0
0,5,1,7,15144.0,282.6488525403299,6.593839665761129,0.4607153053436062,7,888.0264064623244
0,5,1,7,6552.0,154.79005267196888,4.452576052636649,0.3340605210920555,5,331.47615463277236
0,9,1,7,850.0,-36.327958124540324,1.0,0.0,5,962.1930259
0,5,1,7,4084.0,118.06338622933441,3.837511038997075,0.297679700848477,5,1201.449672655156
0,1,1,1,14498.07,114.0,3.0,1.0,5,2119.5
0,1,1,1,10482.0,87.0,3.0,2.0,5,2197.5
0,2,1,1,9419.0,275.0,5.0,1.0,5,1299.0
0,5,1,1,11080.67,550.0,9.0,3.0,5,1903.5
0,5,1,1,24899.0,1200.0,8.0,2.0,5,1528.5
0,5,1,1,35825.0,1800.0,9.0,1.0,5,958.5000000000001
0,5,1,1,13443.0,400.0,5.0,1.0,0,894.5
0,5,1,1,1546.0,75.0,3.0,0.0,5,157.99999999999997
0,5,1,10,38050.0,1700.0,7.0,1.0,0,1938.0
0,5,1,10,17074.0,1000.0,7.0,1.0,0,2249.0
0,2,1,10,7022.0,372.0,8.0,1.0,5,2907.0
0,2,1,10,15286.33,222.0,7.0,1.0,5,3841.9999999999995
1,4,1,10,25213.0,526.0,7.0,1.0,5,978.5
0,2,1,10,14336.0,552.0,8.0,1.0,5,2229.5
0,2,1,10,9850.0,630.0,8.0,1.0,5,2323.0
0,2,1,10,14574.0,604.0,7.0,2.0,5,2586.5
0,2,1,10,8150.0,432.0,5.0,0.0,5,2881.0
0,5,1,23,78757.0,1036.9352345403443,16.0,2.0,2,1264.3067409880978
0,5,1,23,20664.0,611.1883384430557,13.0,1.0,0,591.9859497925323
0,2,1,23,14539.0,747.8559129195597,17.0,1.0,0,416.51585966093785
0,5,1,23,19414.71,671.1574869684957,12.0,2.0,2,2259.9999999999936
0,3,1,23,64761.8,1526.6067425161134,27.0,3.0,2,1441.8394264654905
0,7,1,23,398.0,-37.90978315867716,1.0,0.0,2,1248.8040201005017
0,13,1,23,1274.0,4.681553631745047,2.0,0.0,2,827.8905965463098
0,5,1,23,19133.0,487.2534034311876,10.0,1.0,0,367.640574922907
0,3,1,23,25450.0,548.8861340506774,11.0,1.0,2,1230.8746345776017
0,3,1,23,1193.0,330.7088242730306,5.0,2.0,0,989.7442749371307
0,3,1,23,444.0,249.03626243829072,3.0,2.0,6,892.6504279279254
1,14,1,23,32000.0,413.7058950598108,7.0,1.0,7,0.22341875
1,11,1,2,278.5,5.0,2.02147114819495,0.1796541303300333,4,2987.2418425587625
1,11,1,2,278.5,5.0,2.02147114819495,0.1796541303300333,3,2638.498977752943
1,11,1,2,278.5,5.0,2.02147114819495,0.1796541303300333,4,2789.6682135942383
1,11,1,2,235.81,5.0,2.020533645010481,0.17971626087435572,4,3224.8713450674513
1,11,1,2,235.81,5.0,2.020533645010481,0.17971626087435572,3,2740.8021025842836
1,11,1,2,235.81,5.0,2.020533645010481,0.17971626087435572,4,3015.7612947458724
1,11,1,2,238.43,5.0,2.0205911820998064,0.17971244775591755,4,3843.82449338663
1,11,1,2,238.43,5.0,2.0205911820998064,0.17971244775591755,3,3215.2582359706635
1,11,1,2,238.43,5.0,2.0205911820998064,0.17971244775591755,4,3611.250691361608
1,11,1,2,258.38,5.0,2.0210292984860834,0.17968341275101635,4,2549.7270018620893
1,11,1,2,258.38,5.0,2.0210292984860834,0.17968341275101635,3,2130.1938491499263
1,11,1,2,258.38,5.0,2.0210292984860834,0.17968341275101635,4,2421.909244182306
1,11,1,2,269.61,5.0,2.0212759173842234,0.17966706873572608,4,2254.1201786707124
1,11,1,2,269.61,5.0,2.0212759173842234,0.17966706873572608,3,1902.4226740389415
1,11,1,2,269.61,5.0,2.0212759173842234,0.17966706873572608,4,2151.4093703928593
1,11,1,2,269.61,5.0,2.0212759173842234,0.17966706873572608,4,2219.3485421469222
1,11,1,2,269.61,5.0,2.0212759173842234,0.17966706873572608,3,1874.5336071592856
1,11,1,2,269.61,5.0,2.0212759173842234,0.17966706873572608,4,2122.578642800148
1,4,1,2,887.0,24.0,2.3257497545893733,0.19951377012591914,4,2229.716232997275
1,4,1,2,887.0,24.0,2.3257497545893733,0.19951377012591914,3,2050.6161766456876
1,4,1,2,887.0,24.0,2.3257497545893733,0.19951377012591914,4,2100.8457497358672
1,4,1,2,33510.0,780.0,14.617549293355445,0.9774769574659629,4,3103.1592230199703
1,4,1,2,33510.0,780.0,14.617549293355445,0.9774769574659629,3,2926.0411065021312
1,4,1,2,33510.0,780.0,14.617549293355445,0.9774769574659629,4,2808.494718740819
1,4,1,2,21765.0,591.0,11.465776890396022,0.7882099145829138,4,2076.5836183042593
1,4,1,2,21765.0,591.0,11.465776890396022,0.7882099145829138,3,1900.7825825513269
1,4,1,2,21765.0,591.0,11.465776890396022,0.7882099145829138,4,1982.6629647940138
1,4,1,2,3600.0,90.0,3.3958777963086364,0.26762772647320265,4,2146.253456837552
1,4,1,2,3600.0,90.0,3.3958777963086364,0.26762772647320265,3,1964.8998719552296
1,4,1,2,3600.0,90.0,3.3958777963086364,0.26762772647320265,4,2021.3113583430832
1,4,1,2,1137.0,24.0,2.3312399348685333,0.19914992294670608,4,2332.826302445178
1,4,1,2,1137.0,24.0,2.3312399348685333,0.19914992294670608,3,2042.7343313264432
1,4,1,2,1137.0,24.0,2.3312399348685333,0.19914992294670608,4,2219.8769925641395
1,4,1,2,2255.0,48.0,2.7232642411968713,0.2237273168834848,4,2742.755719860055
1,4,1,2,2255.0,48.0,2.7232642411968713,0.2237273168834848,3,2372.464134906414
1,4,1,2,2255.0,48.0,2.7232642411968713,0.2237273168834848,4,2526.4348821272933
1,4,1,2,1035.0,26.0,2.3596226263246307,0.20148208247267663,4,3277.1289529913115
1,4,1,2,1035.0,26.0,2.3596226263246307,0.20148208247267663,3,3094.2944020865807
1,4,1,2,1035.0,26.0,2.3596226263246307,0.20148208247267663,4,3033.0896971736042
1,4,1,2,1281.0,33.0,2.4722043612543048,0.20876704141731164,4,2678.20629613016
1,4,1,2,1281.0,33.0,2.4722043612543048,0.20876704141731164,3,2337.875971939782
1,4,1,2,1281.0,33.0,2.4722043612543048,0.20876704141731164,4,2492.540980710106
1,4,1,2,2230.0,33.0,2.493045085593997,0.20738587752501894,4,2329.3740181371563
1,4,1,2,2230.0,33.0,2.493045085593997,0.20738587752501894,3,2008.8895538288536
1,4,1,2,2230.0,33.0,2.493045085593997,0.20738587752501894,4,2242.146771049136
1,4,1,2,455.0,12.0,2.132526613007018,0.18704023879048953,4,2762.125652746067
1,4,1,2,455.0,12.0,2.132526613007018,0.18704023879048953,3,2357.7841602697117
1,4,1,2,455.0,12.0,2.132526613007018,0.18704023879048953,4,2674.8524829431335
1,4,1,2,202.0,3.0,1.9891684680195327,0.17758175769002085,4,2344.8678871027582
1,4,1,2,202.0,3.0,1.9891684680195327,0.17758175769002085,3,2150.0933317327444
1,4,1,2,202.0,3.0,1.9891684680195327,0.17758175769002085,4,2251.965468488999
1,4,1,2,291.5,8.0,2.067690665084458,0.18291077509199166,4,3920.638388609026
1,4,1,2,291.5,8.0,2.067690665084458,0.18291077509199166,3,3723.8207903474063
1,4,1,2,291.5,8.0,2.067690665084458,0.18291077509199166,4,3634.0384976540176
1,4,1,2,950.0,24.0,2.3271332800197215,0.19942208063675743,4,2426.9191944338572
1,4,1,2,950.0,24.0,2.3271332800197215,0.19942208063675743,3,2236.6777484765466
1,4,1,2,950.0,24.0,2.3271332800197215,0.19942208063675743,4,2274.591064558006
1,4,1,2,190.0,3.0,1.988904939366133,0.17759922235462308,4,2412.211355437686
1,4,1,2,190.0,3.0,1.988904939366133,0.17759922235462308,3,2207.1762843440492
1,4,1,2,190.0,3.0,1.988904939366133,0.17759922235462308,4,2319.349667003469
1,4,1,2,3600.0,90.0,3.3958777963086364,0.26762772647320265,4,2124.62860827236
1,4,1,2,3600.0,90.0,3.3958777963086364,0.26762772647320265,3,1943.3106521563095
1,4,1,2,3600.0,90.0,3.3958777963086364,0.26762772647320265,4,2006.3940876233755
1,4,1,2,2230.0,33.0,2.493045085593997,0.20738587752501894,4,2300.954460942962
1,4,1,2,2230.0,33.0,2.493045085593997,0.20738587752501894,3,1985.4858662936417
1,4,1,2,2230.0,33.0,2.493045085593997,0.20738587752501894,4,2218.777951019822
1,4,1,2,190.0,3.0,1.988904939366133,0.17759922235462308,4,2385.1039631841422
1,4,1,2,190.0,3.0,1.988904939366133,0.17759922235462308,3,2180.1844797763356
1,4,1,2,190.0,3.0,1.988904939366133,0.17759922235462308,4,2297.6682687188368
1,10,1,2,237.01,5.0,2.0205599978758206,0.1797145144078955,4,2298.2886550940298
1,10,1,2,237.01,5.0,2.0205599978758206,0.1797145144078955,3,2014.8703397881359
1,10,1,2,237.01,5.0,2.0205599978758206,0.1797145144078955,4,2204.3224546371725
1,10,1,2,193.35,4.0,2.004289850286871,0.17868620174084743,4,2434.39932752183
1,10,1,2,193.35,4.0,2.004289850286871,0.17868620174084743,3,2106.5102041613945
1,10,1,2,193.35,4.0,2.004289850286871,0.17868620174084743,4,2328.34071629676
1,10,1,2,185.31,3.0,1.988801943584096,0.17760604812770514,4,3513.9309374138406
1,10,1,2,185.31,3.0,1.988801943584096,0.17760604812770514,3,3056.3711239945933
1,10,1,2,185.31,3.0,1.988801943584096,0.17760604812770514,4,3267.4966296571833
1,10,1,2,223.98,4.0,2.0049625071746737,0.17864162318445026,4,2250.9786713256885
1,10,1,2,223.98,4.0,2.0049625071746737,0.17864162318445026,3,1963.5283829627351
1,10,1,2,223.98,4.0,2.0049625071746737,0.17864162318445026,4,2133.7378961833674
1,10,1,2,233.71,4.0,2.0051761849911385,0.1786274622522353,4,2050.4479456916347
1,10,1,2,233.71,4.0,2.0051761849911385,0.1786274622522353,3,1795.7602766697728
1,10,1,2,233.71,4.0,2.0051761849911385,0.1786274622522353,4,1956.6211341286432
1,10,1,2,233.71,4.0,2.0051761849911385,0.1786274622522353,4,2018.296370140765
1,10,1,2,233.71,4.0,2.0051761849911385,0.1786274622522353,3,1767.0603783053102
1,10,1,2,233.71,4.0,2.0051761849911385,0.1786274622522353,4,1929.8504339383912
1,8,1,2,225.94,4.0,2.0050055501880624,0.17863877062256522,4,2077.2418338345447
1,8,1,2,225.94,4.0,2.0050055501880624,0.17863877062256522,3,1807.5386381017936
1,8,1,2,225.94,4.0,2.0050055501880624,0.17863877062256522,4,1990.977350786838
1,8,1,2,198.77,4.0,2.0044088773953233,0.1786783135340021,4,2196.2688551685114
1,8,1,2,198.77,4.0,2.0044088773953233,0.1786783135340021,3,1898.8456218117133
1,8,1,2,198.77,4.0,2.0044088773953233,0.1786783135340021,4,2107.1978934737735
1,8,1,2,168.3,3.0,1.988428391717902,0.1776308042897788,4,2393.2854843051027
1,8,1,2,168.3,3.0,1.988428391717902,0.1776308042897788,3,2087.3288939724953
1,8,1,2,168.3,3.0,1.988428391717902,0.1776308042897788,4,2265.3186470181645
1,8,1,2,191.58,4.0,2.0042509798104944,0.17868877777887626,4,2196.2155063926766
1,8,1,2,191.58,4.0,2.0042509798104944,0.17868877777887626,3,1931.7654496861162
1,8,1,2,191.58,4.0,2.0042509798104944,0.17868877777887626,4,2094.2635876831273
1,8,1,2,199.91,4.0,2.004433912617396,0.1786766543908649,4,2026.2704672724224
1,8,1,2,199.91,4.0,2.004433912617396,0.1786766543908649,3,1786.784083531031
1,8,1,2,199.91,4.0,2.004433912617396,0.1786766543908649,4,1942.7345485187993
1,8,1,2,199.91,4.0,2.004433912617396,0.1786766543908649,4,1998.6794717059845
1,8,1,2,199.91,4.0,2.004433912617396,0.1786766543908649,3,1761.898488391535
1,8,1,2,199.91,4.0,2.004433912617396,0.1786766543908649,4,1919.8477883490416
1,4,1,8,3537.0,109.92339978520104,3.7011899034780926,0.28961636670210844,0,509.07167429499157
1,4,1,8,2500.0,94.4916521753907,3.4427529427227292,0.274329936154057,0,648.482
1,4,1,8,2794.0,98.86670887479693,3.5160224378645584,0.2786637939950668,0,712.2017786012141
1,4,1,8,6060.0,147.4685292158197,4.329961795460527,0.3268079426642433,0,669.1693990263165
1,4,1,8,2280.0,91.21780022345408,3.387925429351292,0.27108691327983203,0,666.9335
1,4,1,8,6066.0,147.55781608723612,4.331457091279747,0.32689638874263127,7,580.2251933014136
1,4,1,8,11032.0,221.45758332958727,5.569063597654999,0.4001002596217282,7,587.0000000000001
1,4,1,8,2678.0,97.14049602741215,3.487113385359619,0.27695383647956634,7,455.245
1,4,1,8,4646.0,126.42658985200885,3.9775704140641093,0.30596415019081535,0,570.0
1,4,1,8,1886.0,85.3546290004403,3.289734337222446,0.26527895413235636,0,619.0
0,7,1,8,135513.0,2073.877423461509,36.59171674306335,2.2350763069235526,7,478.5
0,7,1,8,9110.0,192.85602218585015,5.090070503564538,0.37176803251145346,7,576.55
0,7,1,8,2573.0,95.57797577762423,3.4609457085232513,0.2754060301077771,0,940.4999999999999
0,7,1,8,42246.0,685.9576507284496,13.348090881182415,0.8602262414219962,7,741.3
0,7,1,8,2493.0,94.3874841587382,3.441008430933638,0.2742267490626044,7,1458.62455
0,7,1,8,884.8,70.45562639008148,3.0402193081884343,0.2505202518520197,2,886.8649000000001
0,7,1,8,1941.6,86.18202067556612,3.303590745147228,0.2660985544587514,8,979.9483999999991
0,7,1,8,488.1,64.55227607493032,2.941355332940939,0.24467249196926943,0,2912.3279
0,7,1,8,8168.0,178.83798337346693,4.855309059946839,0.3578819982045446,7,1091.3999999999999
0,7,1,8,5483.6,138.89103710174572,4.186313710427362,0.31831122273377377,7,978.4885
0,9,1,8,1488.0,79.43193319648225,3.1905463812141193,0.259412030932622,3,582.25
0,9,1,8,14333.0,270.58024375387265,6.391725514196423,0.4487603437481676,0,757.49
0,9,1,8,10503.0,213.58545749970338,5.437228349593681,0.39230226371052346,7,763.8999999999995
0,9,1,8,2300.0,91.51542312817563,3.392909748748696,0.27138173354112516,7,541.0
0,9,1,8,6501.0,154.03111426492896,4.439866038173269,0.33330872942575795,0,394.5
0,9,1,8,2919.0,100.72685202930637,3.5471744340983298,0.2805064206281491,0,776.5
0,9,1,8,5781.0,143.31668969495465,4.26043053986675,0.3226952000192034,7,743.5
0,9,1,8,9173.0,193.7935343357229,5.1057711096663585,0.37269671633452695,8,644.9999999999999
0,9,1,8,2015.0,87.27429673589404,3.3218831973356973,0.2671805448176973,3,504.0
0,9,1,8,5575.0,140.25117377632307,4.209092050073496,0.3196585513278837,0,1040.5
0,5,1,8,23660.0,409.3766853707493,8.716162865175477,0.5862497726022426,0,790.0
0,5,1,8,9481.0,198.37692706843413,5.182529628386369,0.3772369483584419,0,662.0000000000001
0,5,1,8,10798.0,217.97539534434563,5.510747060705381,0.39665086256459786,7,733.5000000000001
0,5,1,8,36000.0,593.0100175839217,11.791487933373347,0.7681538738201357,0,642.0
0,5,1,8,10015.0,206.32345862449844,5.315610956297038,0.3851086493349698,0,751.5
0,5,1,8,55250.0,879.4720633783761,16.588895353374074,1.0519183753148227,0,776.5
0,5,1,8,11416.0,227.17194310024033,5.664762530085143,0.40576080863855724,0,882.0
0,5,1,8,21821.0,382.0102592816065,8.25785469658424,0.5591410495763347,0,676.0
0,5,1,8,7145.0,163.6145717969616,4.600361122769657,0.3428019418393984,0,682.0
0,5,1,8,6280.0,150.74238116775626,4.384789308831962,0.33005096553846835,7,542.9999999999999
1,11,1,8,183.0,4.0,2.0,0.0,3,654.9999999999995
1,11,1,8,138.0,3.0,1.0,0.0,3,749.9999999999997
1,11,1,8,155.0,4.0,1.0,0.0,3,520.0
1,11,1,8,142.0,4.0,1.0,0.0,3,704.9999999999998
1,10,1,8,169.0,3.0,1.0,0.0,3,654.9999999999998
1,11,1,8,242.0,2.0,1.0,0.0,5,889.9999999999999
1,11,1,8,230.0,6.0,1.0,0.0,3,579.9999999999998
1,11,1,8,168.0,6.0,1.0,0.0,2,869.9999999999995
1,11,1,8,149.0,2.0,1.0,0.0,3,644.9999999999997
1,11,1,8,195.0,6.0,2.0,0.0,3,519.9999999999999
1,11,1,8,179.0,2.0,1.0,0.0,0,764.9999999999997
1,11,1,8,195.0,4.0,1.0,0.0,3,599.9999999999998
1,11,1,8,227.0,2.0,1.0,0.0,2,565.0
1,11,1,8,276.0,4.0,2.0,0.0,0,689.9999999999995
1,11,1,8,264.0,4.0,1.0,0.0,6,254.9999999999957
1,11,1,8,147.0,3.0,1.0,0.0,3,584.999999999998
0,3,1,8,3134.0,54.0,3.0,0.0,0,1299.9999999999995
1,4,1,8,2930.0,68.0,6.0,0.0,0,1004.9999999999995
1,4,1,8,2866.0,68.0,6.0,0.0,0,1044.2506984508602
0,2,1,16,3537.0,109.92339978520104,3.7011899034780926,0.28961636670210844,7,259.13768730562623
1,4,1,16,127.0,59.178694530183435,2.8513634462208213,0.23934951215162104,7,331.41732283464506
1,4,1,16,127.0,59.178694530183435,2.8513634462208213,0.23934951215162104,7,510.92125984251965
0,5,1,16,12994.0,250.6543902827676,6.05802533054027,0.42902212725458916,7,241.31907034015697
1,8,1,16,127.0,59.178694530183435,2.8513634462208213,0.23934951215162104,7,282.52125984251956
0,6,1,16,57012.0,905.6926412843411,17.02801389228531,1.0778920403347518,7,254.0377464393463
1,4,1,16,14544.0,273.7201653986847,6.444310083839028,0.45187069750481074,7,302.6636413641365
1,4,1,16,5343.0,136.79874808155347,4.151273945063615,0.3162386362968827,7,415.5556803294028
0,5,1,16,6826.0,158.86748646665356,4.520861228381074,0.3380995586717721,7,223.84998535013173
1,11,1,16,146.0,59.46143628966885,2.8560985496483546,0.23962959139984957,7,323.81506849315014
1,4,1,16,3615.0,111.08412911361495,3.7206287491279664,0.2907661657211519,7,434.91009681881036
1,11,1,16,105.0,58.85130933498979,2.845880694883678,0.23902520986419856,7,541.5238095238091
1,11,1,16,180.0,59.96739522769545,2.8645718926239403,0.24013078584404798,7,345.7277777777776
1,11,1,16,264.0,61.217411427525775,2.8855060340930345,0.24136903094147938,7,355.34090917500004
1,11,1,16,92.0,58.657854446920766,2.842640887275365,0.23883357669435795,7,421.63043474999927
1,4,1,16,26006.0,444.2878520945826,9.30082353049089,0.620832189251933,7,413.5699454249993
0,5,1,16,4950.0,130.95045800377585,4.05333206890464,0.31044541816247173,7,388.9090908999995
0,5,1,16,26255.0,447.9932572583655,9.362878306988563,0.6245027015050332,7,343.09655305
0,9,1,16,1173.0,74.74437244711845,3.112043350705017,0.2547686118172544,7,304.5950553999996
0,9,1,16,6880.0,159.67106830940165,4.534318890754063,0.3388955733772637,7,235.88662795000005
0,5,1,16,409.0,63.37517748675674,2.921642349724209,0.24350647783585494,7,284.81662594999995
0,5,1,16,3327.0,106.7983592856252,3.6488545498053577,0.28652075395853005,7,261.52690114999996
1,4,1,16,2148.0,89.25348905229211,3.3550289213284294,0.26914109955529697,7,396.77374305
1,4,1,16,2071.0,88.1076408691143,3.3358392916484276,0.2680060415493183,7,454.27329794999997
1,4,1,16,1134.0,74.16400778291151,3.1023239278800805,0.25419371230773274,7,401.410934775
1,4,1,16,11339.0,226.02609491706252,5.645572900405141,0.4046257506325784,7,356.94505695
1,4,1,16,124.0,59.13405109447521,2.850615798311211,0.2393052891124271,7,318.33064515
1,4,1,16,2826.0,99.34290552235134,3.5239973489004037,0.2791355064131359,7,507.583156425
0,7,1,16,12013.0,236.05598680617751,5.813544464097635,0.4145611934381587,7,336.51044705
1,4,1,16,400.0,63.24124717963204,2.919399405995377,0.24337380871827297,7,314.98999995
1,4,1,16,3269.0,105.93525286193281,3.634400023552888,0.2856657752007798,7,379.990822875
0,7,1,16,11338.0,226.01121377182645,5.645323684435271,0.40461100961951385,7,343.0940201
0,7,1,16,2008.0,87.17012871924155,3.3201386855466066,0.26707735772624475,7,344.32270915000004
0,2,1,16,2454.0,93.80711949453124,3.4312890081087017,0.2736518495530827,7,294.37652814999996
0,2,1,16,3988.0,116.63479628667113,3.813586305889539,0.2962645635942697,7,359.05215644999953
0,0,1,16,18250.0,328.8696896435806,7.367904468177869,0.5065008919224372,7,317.63835614999937
0,12,1,16,2133.0,89.03027187375099,3.3512906817803776,0.2689199843593271,7,422.69104545000005
0,12,1,16,3400.0,107.88468288785873,3.6670473156058803,0.28759684791225015,7,733.1470588499998
1,8,1,16,157.0,59.6251288872657,2.8588399253169263,0.23979174254356084,7,275.15923567499993
1,8,1,16,157.0,59.6251288872657,2.8588399253169263,0.23979174254356084,7,277.707006375
1,8,1,16,161.0,59.68465346821,2.859836789196407,0.23985070659581947,7,282.844720425
1,8,1,16,170.0,59.81858377533467,2.8620797329252383,0.2399833757134014,7,293.38235287500004
1,8,1,16,157.0,59.6251288872657,2.8588399253169263,0.23979174254356084,7,283.94904457499996
1,8,1,16,157.0,59.6251288872657,2.8588399253169263,0.23979174254356084,7,222.48089174999998
1,8,1,16,157.0,59.6251288872657,2.8588399253169263,0.23979174254356084,7,221.843949075
1,8,1,16,157.0,59.6251288872657,2.8588399253169263,0.23979174254356084,7,226.66878974999986
1,8,1,16,157.0,59.6251288872657,2.8588399253169263,0.23979174254356084,7,278.2165605
1,11,1,13,-84.43013439657966,5.0,2.0,0.0,3,307.99999999999943
1,4,0,5,4443.3,595.3585035601573,15.0,0.6330396711921555,7,1425.0
1,4,0,5,4443.3,595.3585035601573,15.0,0.6330396711921555,7,1315.0000000000002
1,4,0,5,4443.3,595.3585035601573,15.0,0.6330396711921555,7,1590.0
1,14,1,13,19711.05806163178,489.2763828848906,10.0,1.0,5,2173.0
1,4,1,1,5186.649491702775,134.29292116571565,4.108533078644717,0.313645903285487,7,1929.5000000000002
1,4,1,1,5186.649491702775,134.29292116571565,4.108533078644717,0.313645903285487,7,2390.4999999999995
1,4,1,1,5186.649491702775,134.29292116571565,4.108533078644717,0.313645903285487,7,2270.0
1,4,1,1,5186.649491702775,134.29292116571565,4.108533078644717,0.313645903285487,7,2129.0
1,4,1,1,5186.649491702775,134.29292116571565,4.108533078644717,0.313645903285487,7,2399.0
1,6,0,5,-520.430431159306,3.0,1.0,0.0,2,140.0
1,6,0,5,-520.430431159306,3.0,1.0,0.0,2,233.0
1,6,0,5,-520.430431159306,3.0,1.0,0.0,2,335.9999999999998
1,6,0,5,-520.430431159306,3.0,1.0,0.0,2,543.5
0,6,1,19,9302.760895177347,232.48578584060434,6.0,0.4005510043402637,3,589.9999999999995
1,6,0,5,121732.37971241935,2991.0,50.40853913603947,3.263161517563532,8,3849.4999999999995
0,5,0,21,60000.0,1812.9420216702335,38.0,1.731234350123636,0,1008.0
0,6,0,17,56094.0,204.0,6.0,0.32981632521648735,0,763.9999999999999
1,11,3,0,243.0,-19.312330735952443,1.0,0.1842733398698029,4,1802.9999999999998
1,11,3,0,243.0,-19.312330735952443,1.0,0.1842733398698029,4,1757.5
1,11,3,0,243.0,-19.312330735952443,1.0,0.1842733398698029,3,1827.5000000000002
1,11,3,0,243.0,-19.312330735952443,1.0,0.1842733398698029,3,1778.5
1,11,3,0,243.0,-19.312330735952443,1.0,0.1842733398698029,0,1714.5
1,11,3,0,243.0,-19.312330735952443,1.0,0.1842733398698029,0,1705.9999999999998
1,11,3,0,243.0,-19.312330735952443,1.0,0.1842733398698029,0,1819.5
1,11,3,0,243.0,-19.312330735952443,1.0,0.1842733398698029,0,2045.5000000000002
1,11,3,0,243.0,-19.312330735952443,1.0,0.1842733398698029,3,1867.0000000000002
1,11,3,0,243.0,-19.312330735952443,1.0,0.1842733398698029,4,1750.9999999999998
1,11,3,0,243.0,-19.312330735952443,1.0,0.1842733398698029,4,1720.0
1,11,3,0,243.0,-19.312330735952443,1.0,0.1842733398698029,3,1768.0
1,11,3,0,243.0,-19.312330735952443,1.0,0.1842733398698029,3,1723.0
1,11,3,0,243.0,-19.312330735952443,1.0,0.1842733398698029,0,1676.0000000000002
1,11,3,0,243.0,-19.312330735952443,1.0,0.1842733398698029,0,1659.5000000000002
1,11,3,0,243.0,-19.312330735952443,1.0,0.1842733398698029,5,1857.9999999999998
1,11,3,0,243.0,-19.312330735952443,1.0,0.1842733398698029,0,1772.0
1,11,3,0,243.0,-19.312330735952443,1.0,0.1842733398698029,0,1970.0
1,11,3,0,243.0,-19.312330735952443,1.0,0.1842733398698029,3,1797.0
1,4,0,5,1838.7,40.0,4.0,0.14801667650191214,4,952.5
1,4,0,5,2799.3,247.3469587471486,7.0,0.38221110880199305,0,1322.0
1,4,0,5,2799.3,247.3469587471486,7.0,0.38221110880199305,3,142.5
1,4,0,5,2799.3,247.3469587471486,7.0,0.38221110880199305,0,1839.9999999999998
1,4,0,5,2799.3,247.3469587471486,7.0,0.38221110880199305,3,1214.5000000000002
1,4,1,8,3056.0,272.8874231849803,6.0,1.0,7,1375.0
1,4,1,8,3056.0,272.8874231849803,6.0,1.0,7,1011.0000000000001
1,4,1,8,3056.0,272.8874231849803,6.0,1.0,7,1641.5
0,5,1,19,2774.755547984856,76.74753784503974,3.0,0.26272331657931486,6,3200.0
1,4,1,10,726.0,121.34079340916523,5.0,0.0,3,1442.0
1,4,1,8,730.0,42.30344009368429,3.0,0.0,3,1632.0
1,4,1,13,1840.0,125.2393621879892,5.0,0.0,3,1401.0
0,5,4,3,1005.21,28.90235093600448,2.636585148645193,0.0,2,1788.0
0,5,4,3,1005.21,28.90235093600448,2.636585148645193,0.0,2,1800.0
1,4,0,5,17558.0,718.8955684033918,16.0,1.0,0,3538.5
1,4,0,5,17558.0,718.8955684033918,16.0,1.0,0,3754.9999999999995
1,4,0,5,17558.0,718.8955684033918,16.0,1.0,0,3004.0
1,4,0,5,17558.0,718.8955684033918,16.0,1.0,0,2611.9999999999995
1,4,0,5,17558.0,718.8955684033918,16.0,1.0,0,2145.5
1,10,0,15,246.0,1.08395156295596,2.0,0.0,4,3719.5
1,11,1,13,1700.2846291442106,45.69906070567208,3.0,0.0,5,2902.5
1,4,1,13,4950.757330382353,128.6602871768946,4.0,0.3086658791662978,5,2135.0
0,5,1,13,7126.7591127798505,180.57303650874948,5.0,0.35460844175328077,5,2613.0
1,11,1,13,192.0,0.8949724659573235,2.0,0.0,4,2609.0000000000005
1,8,1,13,165.0,0.8004829174579982,2.0,0.0,4,2392.0
1,4,1,13,1256.0,148.0110923010263,3.0,1.0,4,1734.5
1,4,1,13,2968.0,312.10513313268586,7.0,1.0,4,1985.5
1,11,1,13,192.0,0.8949724659573235,2.0,0.0,4,2483.0
1,8,1,13,165.0,0.8004829174579982,2.0,0.0,4,2242.5000000000005
1,4,1,13,1256.0,148.0110923010263,3.0,1.0,4,1734.5
1,4,1,13,2968.0,312.10513313268586,7.0,1.0,4,1928.5
1,11,1,13,192.0,0.8949724659573235,2.0,0.0,4,2327.0000000000005
1,8,1,13,165.0,0.8004829174579982,2.0,0.0,4,2086.0
1,4,1,13,1256.0,148.0110923010263,3.0,1.0,4,1604.5000000000002
1,4,1,13,2968.0,312.10513313268586,7.0,1.0,4,1859.0
1,11,3,0,151.2,-38.77348762421913,1.0,0.0,3,408.0
1,11,3,0,151.2,-38.77348762421913,1.0,0.0,3,416.0
1,11,3,0,151.2,-38.77348762421913,1.0,0.0,2,413.0
1,11,3,0,151.2,-38.77348762421913,1.0,0.0,2,419.00000000000006
1,11,3,0,151.2,-38.77348762421913,1.0,0.0,3,413.0
1,11,3,0,151.2,-38.77348762421913,1.0,0.0,3,165.5
1,11,3,0,151.2,-38.77348762421913,1.0,0.0,3,158.5
1,11,3,0,151.2,-38.77348762421913,1.0,0.0,2,178.0
1,11,3,0,151.2,-38.77348762421913,1.0,0.0,2,161.0
1,11,3,0,151.2,-38.77348762421913,1.0,0.0,3,157.0
0,5,1,23,5186.649491702775,134.29292116571565,4.108533078644717,0.313645903285487,7,3326.499999999994
0,5,1,23,5186.649491702775,134.29292116571565,4.108533078644717,0.313645903285487,7,2402.4999999999977
0,5,1,23,5186.649491702775,134.29292116571565,4.108533078644717,0.313645903285487,7,3326.499999999994
1,4,1,19,7779.868037735528,210.3677809755001,4.0,1.0,0,594.4999999999992
0,5,1,19,3814.0347879849005,96.0,4.0,0.24951198547957293,6,565.4999999999994
0,5,1,1,7665.879641092336,185.15336166036738,6.0,0.0,5,733.999999999999
0,5,2,22,14715.0,600.4744734753797,8.0,3.0,3,333.5
0,5,2,22,14715.0,600.4744734753797,8.0,3.0,3,327.5
0,5,2,22,14715.0,600.4744734753797,8.0,3.0,0,450.5
1,4,1,10,2033.0,286.6987131291221,8.0,0.4063557875793906,6,70.00000000000001
1,4,1,10,2033.0,286.6987131291221,8.0,0.4063557875793906,5,192.99999999999997
1,4,1,10,2033.0,286.6987131291221,8.0,0.4063557875793906,4,190.0
1,4,1,10,2033.0,286.6987131291221,8.0,0.4063557875793906,4,180.0
1,4,2,4,2160.0,116.74527103230122,4.0,0.28798126564936677,6,220.00000000000003
1,4,2,4,2160.0,116.74527103230122,4.0,0.28798126564936677,6,144.0
1,4,2,4,2160.0,116.74527103230122,4.0,0.28798126564936677,6,85.5
1,11,0,18,110.0,4.0,1.0,0.22691131029259914,3,2389.499999999998
1,4,1,8,1243.0,44.09874151517144,3.0,0.0,3,97.0
1,4,1,8,1243.0,44.09874151517144,3.0,0.0,3,147.0
1,4,1,8,1243.0,44.09874151517144,3.0,0.0,0,174.5
1,4,1,8,1243.0,44.09874151517144,3.0,0.0,0,202.0
1,4,1,8,1243.0,44.09874151517144,3.0,0.0,4,208.0
1,4,1,8,1243.0,44.09874151517144,3.0,0.0,2,123.0
1,4,0,5,5590.0,131.39173358468702,4.0,0.31342528491084887,3,520.0
1,4,0,5,5590.0,131.39173358468702,4.0,0.31342528491084887,0,790.0
1,4,0,5,5590.0,131.39173358468702,4.0,0.31342528491084887,2,550.0
1,10,1,8,35270.0,582.1467815615865,11.609560275368123,0.7573929342829347,3,1253.0
1,11,3,0,202.0,-38.5957072885241,1.0,0.0,7,310.0
1,11,3,0,202.0,-38.5957072885241,1.0,0.0,7,365.0
1,11,3,0,-288.2470415051646,-0.7857062792263463,2.0,0.0,7,598.9999999999999
1,11,3,0,-288.2470415051646,-0.7857062792263463,2.0,0.0,7,572.5
1,11,3,0,-288.2470415051646,-0.7857062792263463,2.0,0.0,7,581.5
1,11,3,0,-288.2470415051646,-0.7857062792263463,2.0,0.0,7,576.5
1,11,3,0,-288.2470415051646,-0.7857062792263463,2.0,0.0,7,3808.4999999999986
1,11,3,0,-2276.7787121545393,-47.270473264124774,1.0,0.0,7,619.5
1,11,3,0,-2276.7787121545393,-47.270473264124774,1.0,0.0,7,514.5
1,11,3,0,-288.2470415051646,-0.7857062792263463,2.0,0.0,7,547.5
1,11,3,0,-288.2470415051646,-0.7857062792263463,2.0,0.0,7,457.5
1,11,3,0,-2276.7787121545393,-47.270473264124774,1.0,0.0,7,270.0
1,11,3,0,-2276.7787121545393,-47.270473264124774,1.0,0.0,7,451.0
1,11,3,0,-2276.7787121545393,-47.270473264124774,1.0,0.0,7,329.0
0,9,4,3,1005.0,82.79150952676969,4.0,0.0,7,3164.5000000000005
1,4,4,3,10778.0,460.0,16.0,0.0,7,700.0
1,11,4,3,561.0,4.0,2.0,0.0,7,550.0
1,11,4,6,140.0,0.7129925947734392,2.0,0.0,7,837.0000000000001
1,4,0,5,4235.0,568.4033698202776,16.0,0.0,7,2958.499999999996
1,4,0,5,1834.0,40.0,4.0,0.0,7,956.0
1,4,0,5,138048.0,40.0,26.0,0.0,7,3196.0
1,4,0,5,67063.0,40.0,16.0,0.0,7,3553.5000000000005
1,4,0,5,121732.37971241935,2991.0,50.40853913603947,3.263161517563532,7,3739.4999999999995
1,11,0,5,423.0,1.703383047562653,2.0,0.0,7,2994.0
1,4,0,5,1459.0,84.38033378672128,4.0,0.0,7,1235.9999999999993
1,4,0,5,2831.0,128.70747857920512,5.0,0.0,7,1593.5
1,11,0,5,-555.3378033089455,2.0,1.0,0.0,7,843.0
1,11,0,5,-555.3378033089455,2.0,1.0,0.0,7,427.0
1,4,0,11,38360.0,1636.4438814900268,40.0,0.0,7,1675.9999999999998
1,4,0,11,38360.0,1636.4438814900268,40.0,0.0,7,1513.0
1,4,0,11,38360.0,1636.4438814900268,40.0,0.0,7,1432.0
1,11,0,12,45.0,-39.14514651498313,1.0,0.0,7,1153.5
1,11,0,12,95.0,0.5555100139412303,2.0,0.0,7,1288.9999999999993
1,11,0,12,207.0,0.9474666595680503,2.0,0.0,7,1497.0
1,11,0,12,57.0,-39.10315116009455,1.0,0.0,7,771.9999999999998
1,11,0,12,127.0,0.6674976269774646,2.0,0.0,7,882.9999999999984
1,11,0,14,300.0,1.2729306599546106,2.0,0.0,7,1000.0
1,11,0,14,126.0,0.6639980140700885,2.0,0.0,7,2691.5
1,11,0,14,147.0,0.7374898851251146,2.0,0.0,7,2867.5
1,11,0,14,147.0,0.7374898851251146,2.0,0.0,7,724.4999999999999
1,11,0,14,5186.649491702775,134.29292116571565,4.108533078644717,0.313645903285487,7,365.99999999999966
1,11,0,18,5186.649491702775,134.29292116571565,4.108533078644717,0.313645903285487,7,441.4999999999994
1,4,0,18,35505.32303018359,835.9400994489453,20.0,0.0,7,2711.0
1,4,0,18,35505.32303018359,835.9400994489453,20.0,0.0,7,3244.999999999998
1,4,0,18,14424.0,1355.0487675211464,35.0,0.0,7,2411.5
1,4,0,18,14424.0,1355.0487675211464,35.0,0.0,7,2906.0
1,4,0,18,1078.0,83.0469812690086,4.0,0.0,7,2204.4999999999986
1,4,0,18,1078.0,83.0469812690086,4.0,0.0,7,2098.9999999999973
1,4,0,18,208930.0,3166.4064632584673,54.88840560302145,3.3173172630916268,7,2048.0
1,11,0,15,246.0,1.08395156295596,2.0,0.0,7,3754.0
1,11,0,21,149.0,0.744489110939881,2.0,0.0,7,2231.5
1,11,0,21,149.0,0.744489110939881,2.0,0.0,7,1639.0
1,11,0,21,149.0,0.744489110939881,2.0,0.0,7,678.0
1,11,0,21,149.0,0.744489110939881,2.0,0.0,7,1448.0
1,11,0,21,149.0,0.744489110939881,2.0,0.0,7,489.50000000000006
1,11,0,21,-288.2470415051646,-0.7857062792263463,2.0,0.0,7,888.9999999999998
1,11,0,20,-288.2470415051646,-0.7857062792263463,2.0,0.0,7,557.4999999999977
1,11,2,22,186.0,-38.65170109504222,1.0,0.0,7,876.5
1,11,2,22,317.0,1.332424079380118,2.0,0.0,7,2732.999999999995
1,11,1,19,406.0,1.6438896281371456,2.0,0.0,7,1378.999999999999
1,11,2,22,202.0,-38.5957072885241,1.0,0.0,7,1320.9999999999975
1,11,2,22,202.0,-38.5957072885241,1.0,0.0,7,1291.4999999999973
1,11,2,22,192.0,0.8949724659573235,2.0,0.0,7,2260.999999999995
1,11,2,22,192.0,0.8949724659573235,2.0,0.0,7,2306.4999999999945
1,4,0,5,216000.0,1872.9636917402202,25.0,2.0,7,337.0
1,4,0,5,187836.0,1695.3492420495927,23.0,2.0,7,400.0
1,11,0,15,-2276.7787121545393,-47.270473264124774,1.0,0.0,7,62.5
1,11,0,15,-2276.7787121545393,-47.270473264124774,1.0,0.0,7,111.00000000000001
1,11,0,15,-2276.7787121545393,-47.270473264124774,1.0,0.0,7,69.5
1,11,0,15,-2276.7787121545393,-47.270473264124774,1.0,0.0,7,161.5
1,11,0,15,-2276.7787121545393,-47.270473264124774,1.0,0.0,7,41.0
1,11,0,15,-2276.7787121545393,-47.270473264124774,1.0,0.0,7,5.5
1,4,0,5,17559.0,758.4247438998544,17.0,1.0,7,3544.499999999999
1,4,0,5,17559.0,758.4247438998544,17.0,1.0,7,3625.0
1,4,0,5,17559.0,758.4247438998544,17.0,1.0,7,2884.5
1,4,0,5,17559.0,758.4247438998544,17.0,1.0,7,2599.9999999999995
1,4,0,5,17559.0,758.4247438998544,17.0,1.0,7,2172.5
1,4,0,18,16250.0,1070.0491576725328,25.0,1.0,7,658.0
1,11,1,9,96.0,2.0,2.1730879340402223,0.0,4,56.904999999999994
1,11,1,9,93.0,2.0,2.173027129027215,0.0,4,59.255
1,4,1,9,1106.0,30.0,4.0,1.0,5,68.83500000000001
1,4,1,9,1518.0,40.0,4.0,1.0,5,65.02
1,11,1,9,89.0,2.0,2.172946055676539,0.0,4,380.12
1,11,1,9,101.0,2.0,2.173189275728568,0.0,4,403.385
1,11,1,9,82.0,2.0,1.0,0.0,4,73.4
1,11,1,9,93.0,2.0,2.173027129027215,0.0,4,262.02
1,11,1,9,96.0,2.0,2.1730879340402223,0.0,4,83.60499999999999
1,11,1,9,120.0,2.0,1.0,1.0,4,49.815
1,11,1,9,144.0,2.0,2.1740608142483393,0.0,4,57.215
1,11,1,9,190.0,3.0,2.19155268137351,0.0,4,38.625
1,11,1,9,83.0,2.0,2.1728244456505243,0.0,4,61.905
1,11,1,9,193.0,3.0,1.0,0.0,3,34.955000000000005
1,11,1,9,253.0,3.0,2.0,1.0,4,53.2
1,4,1,9,303.0,8.0,2.2766406214920782,0.0,3,26.345000000000002
1,4,1,9,220.0,6.0,2.241839302280759,0.0,3,30.005
1,4,1,9,1274.0,34.34,3.0,0.0,0,763.405
1,11,1,9,134.0,2.18,2.0,0.0,4,269.23
1,11,1,9,132.0,2.18,2.0,1.0,4,347.95
1,11,1,9,136.0,2.2,2.177210572265465,0.0,4,611.3050000000001
1,11,1,9,102.0,1.97,1.0,0.0,4,43.34
1,11,1,9,83.0,1.84,1.0,0.0,4,64.27000000000001
1,11,1,9,116.0,2.07,1.0,0.0,4,57.095
1,11,1,9,99.0,1.95,1.0,0.0,4,58.655
1,11,1,9,100.0,4.0,1.0,0.0,4,83.65
1,11,1,9,80.0,1.81,1.0,0.0,4,59.465
1,11,1,9,150.0,2.33,1.0,0.0,4,44.495000000000005
1,11,1,9,108.0,2.01,1.0,0.0,4,96.78999999999999
1,11,1,9,110.0,2.03,2.1738684764753615,0.0,4,49.945
1,11,1,9,178.0,2.53,2.1835264852330565,0.0,4,45.695
1,11,1,9,218.0,2.29,2.0,1.0,4,693.32
1,4,1,9,883.0,25.0,2.56990815841082,0.0,4,507.09999999999997
1,11,1,9,237.0,2.37,2.0,1.0,4,656.895
1,11,1,9,127.0,2.14,1.0,0.0,4,86.285
1,11,1,9,118.0,2.0,1.0,0.0,4,72.345
1,11,1,9,111.0,2.0,2.173391959105259,0.0,4,81.67
1,11,1,9,147.0,0.7374898851251146,2.0,0.0,3,54.85
1,11,1,9,147.0,0.7374898851251146,2.0,0.0,3,56.75
1,11,1,9,172.0,0.8249802078096735,2.0,0.0,3,45.71
1,11,1,9,147.0,0.7374898851251146,2.0,0.0,3,56.75
1,11,1,9,172.0,0.8249802078096735,2.0,0.0,3,45.71
1,4,1,9,801.0,25.25,3.0,0.0,0,46.410000000000004
1,11,1,9,99.0,1.94,1.0,0.0,0,53.855
1,4,1,9,749.0,25.7182675272515,2.5787127015682225,0.0,1,122.76
1,4,1,9,770.0,25.97924778400889,2.5834561596245686,0.0,1,138.755
1,11,1,9,346.96,13.0,2.0,0.0,3,682.485
1,11,1,9,373.39,15.0,2.0,0.0,3,659.4
1,11,1,9,264.87,10.0,2.0,0.0,3,695.85
1,11,1,9,373.39,15.0,2.0,0.0,3,659.4
1,11,1,9,264.87,10.0,2.0,0.0,3,695.85
1,11,1,9,183.0,2.56,2.0,1.0,4,371.515
1,11,1,9,181.0,2.55,2.0,0.0,4,401.89000000000004
1,4,1,9,1311.0,52.2,9.0,0.0,4,157.13
1,4,1,9,1272.0,55.0,5.0,0.0,5,712.145
1,4,1,9,1444.6,62.0,5.0,0.0,4,503.48499999999996
1,4,1,9,1399.37,61.0,5.0,0.0,4,527.465
1,11,1,9,180.0,3.7,2.0,0.0,4,79.49000000000001
1,11,1,9,118.0,1.99,2.0,0.0,4,293.82
1,11,1,9,264.72,12.0,2.0,0.0,4,75.73
1,11,1,9,96.0,4.0,2.0,0.0,4,84.14500000000001
1,4,1,9,1864.0,55.0,6.0,0.0,5,543.6600000000001
1,11,1,9,94.0,1.91,2.171557040241569,0.0,4,585.29
1,11,1,9,95.0,1.91,2.0,0.0,4,595.4150000000001
1,11,1,9,149.0,2.42,2.0,0.0,4,549.165
1,11,1,9,101.0,1.95,2.1723612995489483,0.0,4,122.59500000000001
1,11,1,9,94.0,1.9,2.171391445005645,0.0,4,646.605
1,11,1,9,145.0,2.05,2.174909058765628,0.0,4,534.345
1,11,1,9,96.0,1.93,2.171928767388755,0.0,4,105.745
1,11,1,9,100.0,1.95,2.172341031211279,0.0,4,601.8399999999999
1,11,1,9,103.0,1.98,2.1728986219320583,0.0,4,82.375
1,11,1,9,100.0,1.95,2.172341031211279,0.0,4,512.35
1,11,1,9,116.0,2.06,2.174486872209148,0.0,4,102.08999999999999
1,11,1,9,133.0,2.0,2.0,0.0,4,349.48
1,11,1,9,155.0,2.0,2.0,0.0,4,441.135
1,4,1,9,1852.0,46.0,4.0,0.0,5,346.515
1,11,1,9,129.0,2.0,2.1737567891833027,0.0,4,79.57499999999999
1,11,1,9,133.1,6.0,2.0,0.0,4,663.685
1,11,1,9,69.6,3.0,2.0,0.0,4,750.2950000000001
1,11,1,9,86.1,5.0,1.0,0.0,4,569.965
1,11,1,9,91.8,4.0,1.0,0.0,4,582.46
1,11,1,9,177.5,4.0,1.0,0.0,4,544.22
1,11,1,9,87.9,4.0,1.0,0.0,4,623.77
1,11,1,9,93.0,2.0,1.0,0.0,4,109.94
1,11,1,9,96.0,2.0,2.1730879340402223,0.0,4,547.905
1,11,1,9,163.0,2.0,2.1744459126640523,0.0,4,488.585
1,11,1,9,109.0,2.0,2.1733514224299206,0.0,4,94.88
1,11,1,9,94.0,2.0,2.173047397364884,0.0,4,62.525
1,11,1,9,142.0,2.0,2.0,1.0,4,64.61
1,11,1,9,108.0,2.02,2.0,0.0,4,77.95
1,11,1,9,89.0,2.0,2.0,0.0,4,89.56
1,11,1,9,101.0,2.0,1.0,1.0,4,121.665
1,11,1,9,123.0,2.0,2.0,1.0,4,377.3999999999995
1,11,1,9,113.0,5.0,2.0,0.0,3,61.515
1,11,1,9,92.7,4.0,2.0,0.0,3,62.2
1,11,1,9,92.7,4.0,2.0,0.0,3,61.41
1,11,1,9,105.9,4.0,2.0,0.0,3,55.735
1,11,1,9,147.0,2.0,2.0,1.0,4,352.48
0,5,1,9,350.0,12.0,2.3438313277320937,0.0,4,142.065
1,4,1,9,1542.3,56.0,8.0,0.0,3,40.555
1,4,1,9,2078.0,63.0,4.0,1.0,5,743.22
1,11,1,9,140.0,2.0,2.173979740897663,0.0,4,332.54
1,4,1,9,1194.78,28.03,3.0,1.0,8,106.155
1,4,1,9,572.6,23.0,3.0,0.0,3,36.69
1,4,1,9,14366.0,346.83,7.0310166354163535,1.0,4,8.99
1,4,1,9,1156.0,28.0,5.0,1.0,0,10.885
0,9,1,9,3937.81,975.0,2.0,1.0,5,40.08
1,11,1,9,123.0,5.0,1.0,0.0,4,57.98
1,11,1,9,167.0,2.0,2.0,0.0,4,36.59
1,11,1,9,125.0,2.0,2.0,1.0,4,82.325
1,4,1,9,869.0,23.0,3.0,0.0,4,628.905
1,11,1,9,187.0,2.0,4.0,0.0,4,484.175
0,5,1,9,2117.0,143.0,4.0,0.0,5,46.193
1,4,1,9,1726.0,47.0,5.0,0.0,5,629.1
1,11,1,9,639.3,20.0,2.0,0.0,1,79.235
1,4,1,9,1634.0,71.0,4.0,1.0,0,133.115
1,4,1,9,2139.6,103.0,6.0,1.0,0,7.6850000000000005
1,11,1,9,97.0,2.0,1.0,0.0,4,396.11
1,4,1,9,525.2,12.5,3.0,0.0,4,861.755
0,5,1,9,1940.0,400.0,3.0,1.0,3,64.98
1,11,1,9,181.0,6.0,2.0,0.0,3,68.955
1,11,1,9,238.0,2.0,2.0,1.0,4,65.325
0,5,1,9,892.0,45.0,3.0,1.0,0,124.25
1,4,1,9,887.0,18.0,3.0,0.0,5,170.995
1,4,1,9,2002.0,56.0,3.0,0.0,5,451.93
1,4,1,9,2237.0,51.14,5.0,2.0,4,797.485
1,11,1,9,98.49,2.38,2.1794310211661276,0.0,4,544.4499999999999
1,11,1,9,103.0,2.0,2.173229812403906,0.0,4,49.01
1,11,1,9,95.02,2.29,2.1778703329111004,0.0,4,103.545
1,11,1,9,208.0,3.0,2.0,0.0,4,284.76
1,11,1,9,161.0,2.0,2.0,0.0,4,415.75
1,11,1,9,112.0,2.0,2.0,0.0,4,367.24
1,11,1,9,126.9,2.0,2.0,0.0,3,68.50500000000001
1,4,1,9,2813.0,118.0,5.0,1.0,5,753.52
0,5,1,9,2117.0,143.0,4.0,0.0,5,164.975
1,11,1,9,115.0,2.0,2.0,0.0,4,390.15
1,11,1,9,112.0,2.0,2.0,0.0,4,356.935
1,11,1,9,171.0,2.0,2.0,0.0,4,259.65
1,11,1,9,105.0,2.0,1.0,0.0,4,56.089999999999996
1,11,1,9,108.0,2.0,2.0,0.0,4,341.925
1,11,1,9,98.0,2.0,1.0,0.0,4,527.8349999999999
1,11,1,9,76.0,2.0,1.0,0.0,4,70.11500000000001
1,11,1,9,167.0,2.0,2.0,0.0,4,323.955
1,11,1,9,145.0,2.0,2.0,0.0,4,384.835
1,11,1,9,126.0,2.0,1.0,0.0,4,62.315
1,11,1,9,101.0,2.0,2.0,0.0,4,446.02500000000003
1,11,1,9,82.0,2.0,2.0,0.0,4,108.98
1,11,1,9,95.0,2.0,1.0,0.0,4,63.275000000000006
1,11,1,9,92.0,2.0,1.0,0.0,4,67.42
1,11,1,9,129.0,2.0,1.0,0.0,4,48.33
1,11,1,9,139.0,2.0,1.0,0.0,4,40.485
1,11,1,9,128.0,2.0,1.0,0.0,4,48.065000000000005
1,11,1,9,90.0,2.0,1.0,0.0,4,60.02499999999999
1,11,1,9,85.0,2.0,1.0,0.0,4,66.455
1,11,1,9,94.0,2.0,1.0,0.0,4,57.330000000000005
1,11,1,9,91.0,2.0,1.0,0.0,4,58.050000000000004
1,11,1,9,165.0,2.0,2.1744864493393905,0.0,4,53.815000000000005
1,11,1,9,102.0,2.0,1.0,0.0,4,83.78999999999999
1,11,1,9,128.0,2.0,1.0,1.0,4,625.025
1,11,1,9,101.0,2.0,1.0,0.0,4,78.53
1,11,1,9,107.0,2.0,1.0,0.0,4,270.15500000000003
1,11,1,9,120.0,2.0,2.0,0.0,4,717.6800000000001
1,11,1,9,123.0,2.0,1.0,0.0,4,96.34
1,11,1,9,97.0,2.0,1.0,0.0,4,673.98
1,11,1,9,101.0,2.0,1.0,0.0,4,72.285
1,11,1,9,92.0,2.0,1.0,0.0,4,392.98
1,11,1,9,97.0,2.0,2.1731082023778914,0.0,4,267.71500000000003
1,11,1,9,114.0,2.0,2.0,0.0,4,632.7149999999999
1,11,1,9,94.0,2.0,2.173047397364884,0.0,4,124.37
1,11,1,9,120.0,2.0,2.0,0.0,4,656.96
1,11,1,9,120.0,2.0,2.0,0.0,4,658.28
1,11,1,9,107.0,2.0,2.0,0.0,4,677.0649999999999
1,11,1,9,91.0,2.0,2.0,0.0,4,111.915
1,11,1,9,111.0,2.0,1.0,0.0,4,103.08
1,4,1,9,618.0,17.0,4.0,0.0,1,668.405
1,4,1,9,618.0,17.0,4.0,0.0,1,649.855
1,11,1,9,107.0,2.0,1.0,0.0,4,70.49499999999999
1,11,1,9,92.0,2.0,1.0,0.0,4,73.32499999999999
1,11,1,9,103.0,2.0,1.0,0.0,4,95.86
1,4,1,9,965.81,42.0,3.0,0.0,3,9.705
1,4,1,9,1052.0,23.0,2.540214460292114,0.0,5,571.72
1,11,1,9,77.7,2.0,1.0,0.0,4,52.75
0,9,1,9,2320.0,616.0,3.0,0.0,5,42.24
0,5,1,9,126.0,3.0,1.0,0.0,5,217.04500000000002
0,5,1,9,224.0,5.0,1.0,0.0,5,185.385
1,4,1,9,1318.59,50.0,4.0,0.0,4,625.145
1,4,1,9,1182.63,50.0,3.0,0.0,4,572.82
1,11,1,9,173.0,2.0,2.0,1.0,4,301.29
1,11,1,9,182.0,3.0,2.0,0.0,4,323.755
1,11,1,9,212.0,2.0,3.0,1.0,4,85.02499999999999
1,11,1,9,135.0,2.0,3.0,0.0,4,437.24499999999995
1,11,1,9,268.0,6.0,2.0,0.0,4,431.48999999999995
1,11,1,9,178.0,3.0,2.0,0.0,4,344.015
1,11,1,9,163.0,2.0,2.0,0.0,4,325.95
1,4,1,9,420.0,11.0,3.0,0.0,4,639.585
1,11,1,9,126.0,2.0,2.0,0.0,4,425.91
1,11,1,9,139.0,2.0,2.0,0.0,4,352.86
1,11,1,9,172.0,2.0,2.0,0.0,4,64.55
1,11,1,9,138.0,2.0,2.0,1.0,4,382.845
1,11,1,9,147.0,2.0,2.0,1.0,4,81.72500000000001
1,11,1,9,138.0,2.0,2.0,0.0,4,328.71000000000004
1,11,1,9,205.0,3.0,2.0,0.0,4,309.485
1,11,1,9,133.0,2.0,2.0,0.0,4,77.815
1,11,1,9,149.0,2.0,2.0,1.0,4,401.41499999999996
1,11,1,9,223.0,2.0,2.0,1.0,4,75.94999999999999
1,11,1,9,104.0,2.0,2.0,0.0,4,443.46
1,4,1,9,1476.24,44.914991229689306,3.0,0.0,4,632.485
1,4,1,9,201.0,11.0,1.0,0.0,1,105.64499999999998
1,4,1,9,1917.0,47.0,5.0,1.0,0,627.2249999999999
0,5,1,9,5140.0,400.0,8.866011819015165,0.0,2,81.655
1,11,1,9,210.0,8.0,2.0,0.0,5,94.355
1,4,1,9,1920.0,75.0,4.0,1.0,0,491.16499999999996
1,11,1,9,173.0,2.0,2.0,1.0,0,460.63
1,11,1,9,168.0,2.0,2.0,0.0,5,76.99000000000001
1,11,1,9,94.0,2.0,2.173047397364884,0.0,4,71.735
1,11,1,9,289.0,3.0,2.0,1.0,5,352.225
1,11,1,9,95.0,2.0,2.0,0.0,5,435.515
1,4,1,9,808.1,18.0,3.0,0.0,4,512.39
1,11,1,9,82.0,2.0,2.0,0.0,5,75.63
1,4,1,9,883.0,25.0,2.56990815841082,0.0,4,611.495
1,4,1,9,1559.48,60.0,4.0,0.0,4,119.09
1,4,1,9,839.0,21.0,2.5027782571838113,0.0,4,575.89
1,4,1,9,877.0,23.0,2.5366675012000215,0.0,4,632.195
1,11,1,9,155.0,2.0,2.0,0.0,5,397.83
1,11,1,9,148.0,2.0,2.0,0.0,5,79.105
1,11,1,9,259.0,2.0,2.0,1.0,0,65.815
0,9,1,9,406.0,60.0,3.1398234870763773,0.0,4,60.940000000000005
0,5,1,9,3634.0,288.0,5.0,0.0,4,105.87500000000001
1,11,1,9,233.0,2.0,3.0,1.0,5,85.19
1,11,1,9,178.63,2.0,1.0,0.0,4,112.53500000000001
1,4,1,9,1115.0,26.0,1.0,0.0,4,611.405
1,4,1,9,345.6,6.0,1.0,0.0,4,14.825
1,4,1,9,782.9,15.0,1.0,0.0,4,14.505
1,4,1,9,2765.23,108.0,5.0,0.0,4,118.36500000000001
1,4,1,9,2805.9,116.0,4.0,0.0,4,95.74000000000001
